x,y
400.0,608.7456884153877
401.0,527.7117142675346
402.0,455.0417095637746
403.0,390.2711797969447
404.0,332.9356304598814
405.0,282.57056704542106
406.0,238.71149504640067
407.0,200.89353673762642
408.0,168.54538439108924
409.0,140.84451640387178
410.0,116.93372233841639
411.0,96.38385306891801
412.0,79.77614129780414
413.0,67.83337093876136
414.0,60.12121920843192
415.0,53.47416676838161
416.0,44.338673323885395
417.0,30.580617689531074
418.0,13.323019737361154
419.0,-5.855847243663987
420.0,-25.32718522614349
421.0,-43.346257064404845
422.0,-58.154470468425565
423.0,-68.48980605308145
424.0,-74.19816416917713
425.0,-75.2765482631826
426.0,-71.94564427479558
427.0,-64.91143644630314
428.0,-54.93925699992837
429.0,-42.089316319519
430.0,-24.93402811227743
431.0,-1.8705533410331696
432.0,26.90280340058743
433.0,57.59205036193341
434.0,86.00311445087962
435.0,111.2083461607442
436.0,138.6239765020286
437.0,174.34855422765372
438.0,219.82206913115894
439.0,267.9186963532919
440.0,310.6479941708266
441.0,344.6804079122471
442.0,374.80332198391113
443.0,406.56913515027594
444.0,442.0230567951721
445.0,477.42336224496785
446.0,508.5251153775835
447.0,533.2561405409301
448.0,552.8526570543537
449.0,568.8440123698663
450.0,583.5264579312123
451.0,600.3035012834248
452.0,622.5757351097949
453.0,650.0603994566521
454.0,677.5622440384683
455.0,699.6476014041964
456.0,714.4535059225364
457.0,724.5180424528269
458.0,732.5902196016249
459.0,739.6374592125234
460.0,744.5971880967727
461.0,746.2676790444126
462.0,742.754496791931
463.0,731.4521890745347
464.0,709.8451323229905
465.0,677.9812477794828
466.0,638.3416659040641
467.0,593.4047892841571
468.0,543.9074664178778
469.0,489.0975626285444
470.0,428.34850578144216
471.0,363.62997360874215
472.0,298.9102421312332
473.0,238.01229063432692
474.0,182.23604458674052
475.0,131.1339204200956
476.0,84.27932030728093
477.0,41.86607579691558
478.0,4.474265243301099
479.0,-27.16733167896469
480.0,-50.999890719195555
481.0,-64.24123657050498
482.0,-64.80567175042161
483.0,-56.15578086010656
484.0,-44.383684460873866
485.0,-34.83102045660243
486.0,-27.691509522824987
487.0,-21.0388292234218
488.0,-13.27062041505274
489.0,-4.6853266145562396
490.0,3.7405022558309993
491.0,11.217003889558168
492.0,17.88025163826748
493.0,24.15160245204318
494.0,30.109517565865495
495.0,34.41877236263722
496.0,35.38000230714523
497.0,32.05838872328286
498.0,26.232051131679217
499.0,20.28032143145082
500.0,16.23643856896933
501.0,15.105273357469109
502.0,17.701141167635388
503.0,24.677719897558816
504.0,36.287363345646156
505.0,52.722470889946266
506.0,74.42714972414984
507.0,102.36207657369405
508.0,137.534311255365
509.0,179.52026996902865
510.0,225.40490174277545
511.0,272.0530480456505
512.0,317.81577997107553
513.0,363.18998717287343
514.0,408.77548721491814
515.0,453.06213387177036
516.0,492.006443030462
517.0,521.543442458469
518.0,540.5623770650146
519.0,550.906708901069
520.0,554.5329528326926
521.0,553.137562171544
522.0,548.2003904359902
523.0,541.0569257472567
524.0,531.3403439528123
525.0,517.5356740054027
526.0,498.37312679540224
527.0,475.15189759775245
528.0,450.6068753405014
529.0,427.6841174060133
530.0,410.7744268667388
531.0,404.9161460896276
532.0,413.7309444716716
533.0,432.67639219257455
534.0,454.2975382695184
535.0,473.13609053411886
536.0,492.75590213905974
537.0,519.2631551028283
538.0,556.4918571773184
539.0,600.4496851820214
540.0,645.4634027026074
541.0,687.6665064799809
542.0,728.1123689808289
543.0,768.6812251222224
544.0,810.7971382568306
545.0,854.9216564661181
546.0,901.3737249911154
547.0,949.0056049284855
548.0,994.2494986026263
549.0,1033.3736617708973
550.0,1064.933771685201
551.0,1090.3798437571784
552.0,1111.325438522585
553.0,1128.8706895345008
554.0,1143.602303363333
555.0,1155.9539099316087
556.0,1164.4026758589575
557.0,1165.9196784402561
558.0,1157.9717975895257
559.0,1143.741839938229
560.0,1129.8767672792305
561.0,1122.0277352230376
562.0,1117.8752869105952
563.0,1111.4261704989594
564.0,1097.8634799277424
565.0,1078.83899832902
566.0,1058.18151886743
567.0,1038.8343019242006
568.0,1020.1919145463612
569.0,1000.7625820011981
570.0,979.905642680389
571.0,959.4366068806534
572.0,941.6050093300805
573.0,927.4596384040793
574.0,915.4441605555182
575.0,903.6675689214786
576.0,890.6783940050822
577.0,875.7311964684329
578.0,858.1736411529905
579.0,838.2658332584043
580.0,817.3350923517885
581.0,796.7173591840009
582.0,776.7935152402341
583.0,757.1062522966188
584.0,737.0789819262034
585.0,715.0533278741849
586.0,688.6604588616259
587.0,656.1643881040956
588.0,620.9166072781057
589.0,588.679752150881
590.0,563.907709303073
591.0,543.8973196795718
592.0,523.5367665038037
593.0,499.80364939667595
594.0,477.5535800446697
595.0,463.4893984815901
596.0,460.94015975757185
597.0,464.5616700398597
598.0,467.6590276727125
599.0,465.92075524120344
600.0,459.41784005046105
601.0,448.7113616947416
602.0,435.1147390317104
603.0,420.9187062322705
604.0,408.374652124858
605.0,397.6347502290211
606.0,386.91002053216476
607.0,374.62019708041254
608.0,362.540313862051
609.0,354.6489697789415
610.0,354.4418844086431
611.0,361.43519248031066
612.0,373.3107683184095
613.0,387.7244037676135
614.0,402.2514617452333
615.0,414.4427334797709
616.0,422.59358333671753
617.0,427.41603493933036
618.0,430.10330224262134
619.0,430.30431334540447
620.0,424.31753608511616
621.0,408.05264685650906
622.0,380.0978570464171
623.0,343.0127365966424
624.0,299.6698416671435
625.0,252.73935767994425
626.0,204.68375046366216
627.0,157.8588173641493
628.0,113.3735343015412
629.0,71.47330793927844
630.0,32.653969928376924
631.0,-0.4777985562380451
632.0,-24.31490672709367
633.0,-35.9767769472959
634.0,-36.19975689744413
635.0,-26.834621072035265
636.0,-9.83341230476759
637.0,12.533695298479103
638.0,37.946952446551435
639.0,65.81849788918161
640.0,99.01790013325126
641.0,140.74152020114428
642.0,190.7243598328678
643.0,244.08500314956424
644.0,295.790394782062
645.0,343.91881834430575
646.0,389.2791652887355
647.0,432.71870582166196
648.0,474.54306717907104
649.0,514.7468558189414
650.0,553.1153136681185
651.0,588.2140189059508
652.0,618.1606683276775
653.0,641.7811367831104
654.0,660.4929494825993
655.0,676.3033510446143
656.0,690.7107245177516
657.0,704.0781155800853
658.0,716.5923183429396
659.0,727.3104028266322
660.0,733.658343235025
661.0,733.1869931889937
662.0,728.5025725032834
663.0,726.8860201136201
664.0,734.8784902346982
665.0,749.5692957890379
666.0,762.47167049573
667.0,766.3040238681948
668.0,761.3593529460217
669.0,750.7122509911796
670.0,737.1580466055105
671.0,722.515546878148
672.0,708.3875336301355
673.0,695.4911864764814
674.0,682.7262002802058
675.0,668.8062691208403
676.0,653.8874271304361
677.0,639.9993591845099
678.0,629.0362497470676
679.0,618.6645499960961
680.0,603.1206266399954
681.0,577.5464443566586
682.0,545.2678305257972
683.0,513.5983471448088
684.0,488.5391000710339
685.0,469.86599380577843
686.0,455.54697202819204
687.0,443.27199867276323
688.0,429.9961126392552
689.0,412.5890101425792
690.0,390.05974553935414
691.0,364.76304709632086
692.0,339.2824061958861
693.0,314.88963937262974
694.0,291.6115764082721
695.0,269.3558534277524
696.0,247.332067653246
697.0,224.34899027481615
698.0,199.3937551655692
699.0,172.44402408327932
700.0,143.81093045735494
701.0,113.95673182893384
702.0,83.79198403957814
703.0,54.31115664433137
704.0,26.588430718834342
705.0,1.8331038990132162
706.0,-18.799480360439045
707.0,-35.69595119061271
708.0,-50.78491030838132
709.0,-65.7283848029156
710.0,-78.74426913184227
711.0,-86.0186043025495
712.0,-84.3415536269324
713.0,-73.91288659849931
714.0,-56.079795120899085
715.0,-32.12262718899339
716.0,-3.126334866748941
717.0,29.850879322339797
718.0,65.20220549602956
719.0,100.43960416421486
720.0,133.11362087079348
721.0,163.14393704721877
722.0,192.64098439090586
723.0,223.60295064989646
724.0,256.27641924646355
725.0,289.98101889653475
726.0,324.40501645756285
727.0,360.98947382665267
728.0,401.6820752321335
729.0,447.69347607134836
730.0,498.4445349176544
731.0,553.1258117868533
732.0,612.4184596705935
733.0,678.9916365940628
734.0,755.4380103296706
735.0,841.2618520313457
736.0,933.6517735722475
737.0,1029.6206356754392
738.0,1125.377496116595
739.0,1216.8003626340374
740.0,1299.5481127051578
741.0,1368.5284352116967
742.0,1418.5228590899662
743.0,1447.557181655569
744.0,1459.4623904801956
745.0,1458.5141755584007
746.0,1445.3555983283463
747.0,1416.997091671804
748.0,1371.027361424773
749.0,1311.8890716224494
750.0,1247.7524440012342
751.0,1184.8814857879513
752.0,1121.0338489342346
753.0,1051.6558158786102
754.0,975.4320582603365
755.0,898.2726500147753
756.0,827.0050011504322
757.0,766.4796643416244
758.0,719.1736692627468
759.0,686.9807292633218
760.0,666.7082946626361
761.0,651.9114551145572
762.0,637.7157572699399
763.0,627.7637110910367
764.0,628.4751617209932
765.0,643.5102712032663
766.0,669.430634457553
767.0,701.7215365515851
768.0,737.7600077048644
769.0,777.3805219996427
770.0,820.4497295472302
771.0,865.1404357527654
772.0,908.4522610057168
773.0,947.6447583886672
774.0,981.5581175367421
775.0,1009.5804346391709
776.0,1031.1990016783566
777.0,1046.1621338009352
778.0,1054.2893811153426
779.0,1056.579160888336
780.0,1055.6021464502649
781.0,1053.7694343265482
782.0,1050.0435181014627
783.0,1040.9983316047828
784.0,1024.3093696286583
785.0,1003.8690510239031
786.0,985.6543288613577
787.0,972.1844435614703
788.0,957.0855740039581
789.0,932.7705747815975
790.0,898.8415598062473
791.0,863.9974131465224
792.0,836.8100571979194
793.0,817.6836645713598
794.0,801.7996209384282
795.0,785.0122219817591
796.0,766.8065154061749
797.0,747.7503207986941
798.0,727.7325869966122
799.0,705.1271727919406
800.0,678.2317942564853
801.0,648.7712420901253
802.0,622.1764370874598
803.0,603.4517349642435
804.0,592.0992417728103
805.0,584.70925579297
806.0,578.5107201865327
807.0,573.31459742565
808.0,569.5674071934216
809.0,568.5514643899006
810.0,573.0446291913947
811.0,585.9290332078173
812.0,609.1886101579476
813.0,644.0393580669519
814.0,691.2523928330342
815.0,748.7761911204775
816.0,813.3976631846707
817.0,882.7886737251574
818.0,957.1853379648757
819.0,1037.2210389370628
820.0,1120.9475374249648
821.0,1202.9734825704581
822.0,1278.1614946386119
823.0,1346.8400444774609
824.0,1412.7403549815951
825.0,1478.0212570351212
826.0,1537.5174436613265
827.0,1584.0177861228929
828.0,1612.51673444003
829.0,1622.2925288122985
830.0,1613.242464993266
831.0,1587.699120714029
832.0,1550.1889423978582
833.0,1504.5504109965639
834.0,1449.4732788195392
835.0,1381.5294599992167
836.0,1299.3385059390948
837.0,1207.2781667075014
838.0,1110.7151047703987
839.0,1014.5600760049896
840.0,923.1469649771492
841.0,840.2920563771911
842.0,765.0202459334097
843.0,693.6051322609795
844.0,623.775268747012
845.0,559.0341609800645
846.0,504.242786437308
847.0,461.1467467463277
848.0,426.35120980011874
849.0,396.0764860706538
850.0,367.9220444123279
851.0,340.5214374784883
852.0,313.3226518304384
853.0,289.79122647687785
854.0,274.65377843363245
855.0,270.3301889647717
856.0,274.37206578248913
857.0,283.74012710186986
858.0,295.9279976184292
859.0,308.92208296940345
860.0,320.90516854187837
861.0,331.21790561711373
862.0,339.6641593350839
863.0,345.94022105705415
864.0,349.46267426785784
865.0,349.63563165116034
866.0,346.7104595261527
867.0,341.8547669371651
868.0,336.20956917880847
869.0,330.3460383641928
870.0,324.5647610490374
871.0,318.4802214040994
872.0,309.6730623710553
873.0,295.42874948354876
874.0,275.83391703000717
875.0,254.42776569754804
876.0,234.68556433690614
877.0,217.59087512949938
878.0,202.80857106175065
879.0,189.74206946666476
880.0,176.98516315128592
881.0,162.98148390692407
882.0,146.7446091503287
883.0,128.0482532307171
884.0,106.97464776607411
885.0,86.06894897253262
886.0,69.25258396522905
887.0,59.068359398366255
888.0,53.25903959043039
889.0,48.58037504190074
890.0,43.790623789347435
891.0,40.39019543875057
892.0,39.832457589371884
893.0,41.208900029413634
894.0,42.29110412992185
895.0,41.22852975681501
896.0,37.52179437713119
897.0,30.979504890495893
898.0,22.124908524332906
899.0,12.434368877774691
900.0,3.5486313745853755
901.0,-1.9780031324703895
902.0,-1.0947648865157174
903.0,7.924979947246163
904.0,22.494045727115235
905.0,39.18755445963288
906.0,55.8267818556411
907.0,71.7689440793099
908.0,86.54686462287262
909.0,100.37438399813588
910.0,113.80639685302091
911.0,127.3190796018539
912.0,141.15408984118199
913.0,155.51873423679066
914.0,170.8357819664483
915.0,187.7671742122178
916.0,206.72779533696263
917.0,226.27494203601944
918.0,244.15865193611398
919.0,258.85111099347614
920.0,270.586168617168
921.0,279.88873629393026
922.0,287.88860224885156
923.0,296.28967833804444
924.0,306.2533762413799
925.0,315.69105100632765
926.0,321.35646719316986
927.0,320.250884277321
928.0,309.872505638583
929.0,288.0741806701251
930.0,257.1321347453345
931.0,222.7277168263309
932.0,189.77298718840365
933.0,159.31505697871413
934.0,131.3156315352138
935.0,105.96956489718625
936.0,83.83642185221291
937.0,65.22975361742252
938.0,47.59554551439168
939.0,26.68856957443734
940.0,0.013817680831326395
941.0,-29.172120066908906
942.0,-56.51024357833463
943.0,-79.5804162619995
944.0,-98.23024753759269
945.0,-112.35426731975551
946.0,-121.26149897723072
947.0,-124.00889437332903
948.0,-120.39783535788514
949.0,-111.94036987889623
950.0,-100.41144943437646
951.0,-88.0073014296022
952.0,-77.28433314695666
953.0,-69.29461690107742
954.0,-57.827897516171014
955.0,-34.579932130485815
956.0,3.5773268920307046
957.0,51.45675637546915
958.0,103.2613855214871
959.0,154.5962973817246
960.0,201.87253193183773
961.0,243.05860869759124
962.0,280.85927915618794
963.0,318.8719419401289
964.0,360.4383487585007
965.0,408.6309105915851
966.0,465.875689003372
967.0,530.8417796517118
968.0,600.8119557240476
969.0,672.3370174434594
970.0,740.5885986163158
971.0,801.1028719376843
972.0,855.8143126268112
973.0,910.9727421997678
974.0,972.2333877118677
975.0,1042.9251555106684
976.0,1125.7883818343194
977.0,1220.8273552374658
978.0,1324.8462105642225
979.0,1434.785058727115
980.0,1549.6518171941175
981.0,1669.2976048390574
982.0,1795.6546198808664
983.0,1934.8052114157165
984.0,2093.4178219253627
985.0,2279.3121073724724
986.0,2501.0840600492497
987.0,2766.2820814375787
988.0,3078.7963622304515
989.0,3441.6833493024214
990.0,3856.691696748963
991.0,4324.1183563842715
992.0,4842.687843480195
993.0,5402.2480128891
994.0,5989.31905780674
995.0,6584.203552287418
996.0,7156.087397082262
997.0,7673.019502987232
998.0,8103.231027017112
999.0,8415.069609413216
1000.0,8583.058664043601
1001.0,8599.539407147506
1002.0,8460.461582059272
1003.0,8170.447970519545
1004.0,7742.35343857005
1005.0,7191.92948683112
1006.0,6547.246440991981
1007.0,5840.094837043851
1008.0,5104.042437512922
1009.0,4375.221999373104
1010.0,3688.9182285366555
1011.0,3072.152785075448
1012.0,2547.9957466838264
1013.0,2132.8598591149967
1014.0,1828.765236272177
1015.0,1635.3791100798712
1016.0,1546.1456008120908
1017.0,1550.082494118056
1018.0,1634.0798685010332
1019.0,1778.2306424070612
1020.0,1961.3573287008346
1021.0,2165.86212666925
1022.0,2377.821536615903
1023.0,2583.305130338176
1024.0,2767.5219230549606
1025.0,2915.5317775510953
1026.0,3018.184001304123
1027.0,3074.686810232918
1028.0,3085.4459767385515
1029.0,3054.901532320045
1030.0,2989.281106890869
1031.0,2892.066305434646
1032.0,2761.2397186756316
1033.0,2594.8145398295383
1034.0,2398.379863659198
1035.0,2182.240512411753
1036.0,1956.2615103492042
1037.0,1728.8753458979388
1038.0,1508.249227844997
1039.0,1302.265604336315
1040.0,1118.5634590140967
1041.0,963.118276082066
1042.0,835.4786077798002
1043.0,733.5123309772894
1044.0,651.6905114655077
1045.0,580.7136189047994
1046.0,513.1414346719333
1047.0,452.31919774616773
1048.0,405.067101861517
1049.0,375.7139215210948
1050.0,364.988448437085
1051.0,372.48529914900064
1052.0,391.6898207975918
1053.0,413.46226733253985
1054.0,432.3790162975741
1055.0,449.86963410392707
1056.0,467.923500954099
1057.0,486.88853172557623
1058.0,506.21739075121343
1059.0,524.7419124868599
1060.0,539.8897842230548
1061.0,549.1786468354532
1062.0,553.6618421530891
1063.0,556.7756799547615
1064.0,560.2283548819393
1065.0,560.6120965101755
1066.0,554.0170502315917
1067.0,543.2677085318999
1068.0,536.652011329608
1069.0,539.5921883267716
1070.0,547.0972341672468
1071.0,552.1227883294223
1072.0,551.5437787933895
1073.0,545.9551578069457
1074.0,536.6038721359366
1075.0,526.8185303016422
1076.0,520.3391977701913
1077.0,517.4147391826797
1078.0,514.4186460792347
1079.0,508.11971543446697
1080.0,498.1477661809946
1081.0,484.99579593123576
1082.0,469.4145082164292
1083.0,452.4720492713186
1084.0,435.154856897863
1085.0,417.9015419250302
1086.0,400.99559598070545
1087.0,386.00427332976477
1088.0,376.25295031728047
1089.0,374.12341639440814
1090.0,375.44863450193134
1091.0,373.6669954691241
1092.0,366.5220994138293
1093.0,358.14755913917145
1094.0,352.9653418252824
1095.0,353.9081828933203
1096.0,363.2754194866631
1097.0,381.0718076294788
1098.0,403.71615337076673
1099.0,427.73385305401234
1100.0,452.5542350912278
1101.0,478.81545556529744
1102.0,505.6264770561551
1103.0,529.5657523154338
1104.0,547.4813249241173
1105.0,559.8448312772364
1106.0,568.7165178915171
1107.0,576.8978872643565
1108.0,588.4358470772657
1109.0,606.7168422113057
1110.0,629.3545052553627
1111.0,651.4066907462303
1112.0,670.3649970417947
1113.0,687.8670749806903
1114.0,705.716512293815
1115.0,724.0299931795239
1116.0,742.2030682767096
1117.0,760.6284834120338
1118.0,781.3493956540653
1119.0,805.5689237566701
1120.0,827.595302263263
1121.0,838.8847152036399
1122.0,835.1274112506172
1123.0,818.6516062397226
1124.0,792.1228438164204
1125.0,756.6401833906601
1126.0,712.7173503545405
1127.0,663.091518286984
1128.0,613.7989454065145
1129.0,569.6721405907706
1130.0,526.8216216929369
1131.0,478.323629491898
1132.0,424.21296530750135
1133.0,373.8116124486423
1134.0,334.6924903792704
1135.0,301.8651502618293
1136.0,266.49702600780404
1137.0,228.40197731010124
1138.0,197.77801677803893
1139.0,181.75121039114677
1140.0,170.31140941790633
1141.0,148.95113097472992
1142.0,115.26308672311995
1143.0,79.58889974105841
1144.0,50.94061328941973
1145.0,30.580794483466878
1146.0,17.84147938926455
1147.0,12.191855557753064
1148.0,13.227767167764178
1149.0,19.624444892093845
1150.0,26.96327931856421
1151.0,30.67646482780014
1152.0,33.626953499312364
1153.0,44.39134757622307
1154.0,67.41010868569765
1155.0,95.45998012752518
1156.0,120.23253537694296
1157.0,143.54490372140242
1158.0,173.66481843783825
1159.0,214.45484284830442
1160.0,259.99160659335223
1161.0,303.8784823617932
1162.0,346.758935051511
1163.0,392.88703856313947
1164.0,445.34623560865367
1165.0,505.12914200624573
1166.0,571.8112411562685
1167.0,637.1072572612017
1168.0,689.6976271994703
1169.0,723.1762774693148
1170.0,737.8768916454777
1171.0,734.521389652222
1172.0,713.3439692814218
1173.0,674.5014454677861
1174.0,619.9955554813008
1175.0,553.7718182038944
1176.0,479.5071350187509
1177.0,399.55752606407805
1178.0,316.0515219418112
1179.0,232.27457424476745
1180.0,152.42486526443338
1181.0,80.0134154402408
1182.0,16.72061106600559
1183.0,-35.930869376453316
1184.0,-75.05140975413094
1185.0,-96.97136198470736
1186.0,-100.9083897382525
1187.0,-91.55581200226459
1188.0,-73.35948231798724
1189.0,-45.01552371908985
1190.0,-2.908762253415593
1191.0,54.2477014529359
1192.0,124.6257373586669
1193.0,206.03006908031114
1194.0,295.5860734272346
1195.0,390.18695222946224
1196.0,485.9090638246247
1197.0,578.0741278826565
1198.0,662.8910801164407
1199.0,739.2894864103891
1200.0,806.6643959236798
1201.0,863.9799294922084
1202.0,909.9304126003508
1203.0,943.976740782877
1204.0,967.1190903159272
1205.0,980.3009153303451
1206.0,982.8046711966431
1207.0,973.245381329508
1208.0,951.6455946788506
1209.0,919.8595771391235
1210.0,880.3882766694861
1211.0,837.9594086670018
1212.0,797.7059193235804
1213.0,761.4861841904797
1214.0,728.3583133431752
1215.0,697.0269920705775
1216.0,665.5201028665089
1217.0,632.1481525471098
1218.0,598.8513609289549
1219.0,569.5091416718193
1220.0,545.7144092711618
1221.0,525.3555806560038
1222.0,506.71337894774746
1223.0,491.88086029290906
1224.0,484.02248246213634
1225.0,482.2888322832497
1226.0,481.81705593933884
1227.0,479.07357878508384
1228.0,474.9932401743323
1229.0,471.30883857974425
1230.0,469.4518217928338
1231.0,470.6584021232479
1232.0,475.1035190642526
1233.0,481.11835525167703
1234.0,486.9853598762337
1235.0,491.7464544842281
1236.0,494.66388754353034
1237.0,493.9668535470644
1238.0,486.82520670001435
1239.0,472.06201052674515
1240.0,453.55615886230794
1241.0,435.8712179532545
1242.0,420.98909888655595
1243.0,409.3680514836364
1244.0,401.4021021004232
1245.0,397.41178776437624
1246.0,398.0102481052598
1247.0,405.3348031437972
1248.0,421.78804434113
1249.0,445.3919895083507
1250.0,470.12316828445165
1251.0,492.23073915582876
1252.0,514.197851923369
1253.0,539.0679176739743
1254.0,566.2834627494204
1255.0,593.5043756112393
1256.0,619.3036607529659
1257.0,643.5231497564598
1258.0,666.0985665543068
1259.0,686.9744643748526
1260.0,706.0033526025725
1261.0,721.7334007638888
1262.0,731.7794194953913
1263.0,736.3004135697546
1264.0,740.5777738501782
1265.0,749.4874066306121
1266.0,761.8924119349759
1267.0,774.4341200839298
1268.0,783.4358831572642
1269.0,784.9091273403405
1270.0,776.5942257753504
1271.0,760.9768558717477
1272.0,740.9083185564468
1273.0,715.5813784336548
1274.0,682.4660294207332
1275.0,643.552764581841
1276.0,606.8792481662668
1277.0,577.9518490756959
1278.0,551.4855239965931
1279.0,520.0883773522318
1280.0,480.64073183755903
1281.0,432.8748802944735
1282.0,380.14874109201475
1283.0,331.8827997547598
1284.0,295.9893910365718
1285.0,270.3424796347148
1286.0,249.82353255973953
1287.0,229.46959811471788
1288.0,204.4715637771473
1289.0,174.55920125874897
1290.0,148.77034159474667
1291.0,135.35432490799144
1292.0,131.4558250179017
1293.0,130.55801198698964
1294.0,132.1574904957311
1295.0,141.30568805871823
1296.0,160.38762372077028
1297.0,185.0007019886839
1298.0,209.9941031395105
1299.0,231.76679578845182
1300.0,247.52238145580583
1301.0,258.4793051683032
1302.0,269.97094868459726
1303.0,285.73694004989244
1304.0,304.9374236097384
1305.0,325.91148757830746
1306.0,346.2938548882151
1307.0,363.4861523889911
1308.0,377.085378225333
1309.0,389.0626654352043
1310.0,400.4575038607578
1311.0,409.44990316109636
1312.0,413.86833320037175
1313.0,412.53833572880006
1314.0,404.791839755936
1315.0,391.27291157155855
1316.0,374.07883908568965
1317.0,355.0043924188203
1318.0,334.8143123958737
1319.0,314.05029086911424
1320.0,292.88919718484124
1321.0,271.31327475913804
1322.0,248.47657046969
1323.0,222.64582919110123
1324.0,195.3919093655231
1325.0,176.8944966596865
1326.0,175.77144533951545
1327.0,180.35117794824438
1328.0,171.08789424655194
1329.0,145.0029548091006
1330.0,115.69708766680544
1331.0,92.28691249001734
1332.0,71.60153170352272
1333.0,49.48682404526208
1334.0,26.467080994160153
1335.0,4.7772930679878645
1336.0,-13.48023592669137
1337.0,-26.325695383135294
1338.0,-32.28327343262915
1339.0,-30.875259899975195
1340.0,-22.020393206144888
1341.0,-7.009580198935423
1342.0,12.837728445143924
1343.0,41.65764090202171
1344.0,87.4575466602673
1345.0,150.27258736343157
1346.0,216.8337682232887
1347.0,276.47697011413527
1348.0,333.93430412580693
1349.0,397.0783339386849
1350.0,466.4662582909183
1351.0,538.3390267196493
1352.0,608.85940154857
1353.0,674.1625165460614
1354.0,732.3455037032604
1355.0,787.3410862680871
1356.0,843.13392404519
1357.0,896.1186939321414
1358.0,939.5748576535048
1359.0,973.0589473196097
1360.0,1002.2464501415817
1361.0,1030.7986418504322
1362.0,1057.455240514043
1363.0,1081.066791491276
1364.0,1104.3296348935346
1365.0,1130.718948068041
1366.0,1157.8285498452324
1367.0,1179.1569686652722
1368.0,1193.1466655105407
1369.0,1205.903650716791
1370.0,1220.689450049163
1371.0,1229.1042929762243
1372.0,1221.621051392302
1373.0,1199.3584295954977
1374.0,1168.4913908884137
1375.0,1132.0676189572423
1376.0,1089.8890020457716
1377.0,1041.5888943683767
1378.0,986.7557392406178
1379.0,925.4039937849772
1380.0,859.6806733351091
1381.0,792.6042701830539
1382.0,729.7474884505391
1383.0,678.2536424151488
1384.0,640.6106694539494
1385.0,612.8928851369169
1386.0,592.1468351749423
1387.0,579.5624825881922
1388.0,575.8802722727813
1389.0,574.0770572621925
1390.0,564.7281812002119
1391.0,550.3299301317628
1392.0,543.2457310806126
1393.0,551.2523400109795
1394.0,574.0581751519319
1395.0,608.7418759874867
1396.0,645.7278882030863
1397.0,675.2446596010658
1398.0,697.6069020799825
1399.0,717.7992526069281
1400.0,738.5208196308931
1401.0,760.2684758932921
1402.0,782.8304536744425
1403.0,804.8198899416459
1404.0,824.697884308139
1405.0,840.8396355161985
1406.0,851.7668634217966
1407.0,857.4634781730493
1408.0,858.6486627860291
1409.0,855.6430320154166
1410.0,848.3739429162886
1411.0,838.146603388159
1412.0,828.976393643119
1413.0,823.9963876081654
1414.0,821.5649080709475
1415.0,819.2972406355478
1416.0,818.7310002133975
1417.0,823.1831742550586
1418.0,830.713645473532
1419.0,834.3032259212331
1420.0,833.1901557869345
1421.0,838.8394748173974
1422.0,861.6683968408908
1423.0,903.0291355530601
1424.0,962.3352925086209
1425.0,1040.5429045289334
1426.0,1138.8692880543144
1427.0,1249.901238071976
1428.0,1358.757037999841
1429.0,1458.141003698754
1430.0,1553.6981820117187
1431.0,1650.0896125732017
1432.0,1745.0617219546348
1433.0,1835.256374966181
1434.0,1918.9184315132336
1435.0,1994.8036092790478
1436.0,2060.109546355343
1437.0,2111.0718931188294
1438.0,2151.199636753233
1439.0,2193.717266575609
1440.0,2246.229192316981
1441.0,2301.049894243777
1442.0,2351.1487204590667
1443.0,2403.535439079291
1444.0,2467.8306003792895
1445.0,2538.3510393853308
1446.0,2601.252529441882
1447.0,2651.6121420742593
1448.0,2693.51085094781
1449.0,2730.511039763781
1450.0,2764.5887835760905
1451.0,2795.381926790788
1452.0,2815.455380254839
1453.0,2818.4691883589167
1454.0,2813.544142662064
1455.0,2814.28796793111
1456.0,2817.55206066807
1457.0,2809.160412832136
1458.0,2783.4659458583483
1459.0,2745.03783183655
1460.0,2697.9559953411044
1461.0,2644.105361175474
1462.0,2584.0330556066983
1463.0,2514.3802247706585
1464.0,2431.596927949068
1465.0,2336.996066490547
1466.0,2233.938132791286
1467.0,2125.6164613576298
1468.0,2015.0430450634346
1469.0,1903.3610776239275
1470.0,1789.43291034181
1471.0,1675.1360151174276
1472.0,1569.008883934845
1473.0,1476.7594793448961
1474.0,1390.6583548398594
1475.0,1302.0102791323231
1476.0,1216.2568981893328
1477.0,1143.7009340396107
1478.0,1082.3389382251787
1479.0,1021.9502290063346
1480.0,961.5319738579973
1481.0,910.7347386495691
1482.0,875.3321359700511
1483.0,852.8988437142713
1484.0,839.6342683408541
1485.0,830.1792071275029
1486.0,820.5456650016466
1487.0,815.8185900767895
1488.0,823.2993606763829
1489.0,841.9460075210526
1490.0,866.147664163115
1491.0,894.7155977766762
1492.0,930.5187005806371
1493.0,972.3745720594206
1494.0,1013.0355422669568
1495.0,1047.2356331072333
1496.0,1075.504167996237
1497.0,1099.1159385943736
1498.0,1118.9950868757792
1499.0,1135.616982975716
1500.0,1147.0136108356517
1501.0,1150.3685279836568
1502.0,1144.7419569464093
1503.0,1130.5182863602327
1504.0,1110.1649678872113
1505.0,1088.1692963527028
1506.0,1066.548537367201
1507.0,1043.3211553835586
1508.0,1017.4991581076663
1509.0,991.3533789251014
1510.0,965.8235957577342
1511.0,934.5850473416854
1512.0,891.1734866688358
1513.0,840.0401752782047
1514.0,789.1029993366976
1515.0,736.640802019842
1516.0,675.4857879973866
1517.0,606.4544703016895
1518.0,537.7852247274358
1519.0,476.2692234662053
1520.0,426.2381928475997
1521.0,386.7986690151587
1522.0,346.41825687214845
1523.0,296.987582565819
1524.0,245.8874163631245
1525.0,201.4784668857341
1526.0,161.14229186799838
1527.0,119.28781001721167
1528.0,74.35530976311802
1529.0,27.05955740421418
1530.0,-17.035603664822574
1531.0,-49.22002250602501
1532.0,-67.80673798252414
1533.0,-78.3100163766318
1534.0,-82.13911421999764
1535.0,-74.14208028433582
1536.0,-51.82875499943735
1537.0,-19.638865655440174
1538.0,17.259842138470987
1539.0,54.28357574192429
1540.0,88.41227705876047
1541.0,123.55064303367993
1542.0,163.96390350748916
1543.0,201.67276693670746
1544.0,224.77833296708528
1545.0,237.6294637539211
1546.0,254.3597835599434
1547.0,277.89663198354106
1548.0,301.32751922700965
1549.0,322.37985251120034
1550.0,344.90672980427496
1551.0,372.2200237622033
1552.0,406.02268484160714
1553.0,445.4984523905619
1554.0,484.1041266478847
1555.0,516.2235318088619
1556.0,542.3694984042335
1557.0,564.6153579614758
1558.0,586.2291836336418
1559.0,610.1826294834525
1560.0,634.6908969230836
1561.0,656.2416211659869
1562.0,674.8783789530277
1563.0,692.4477765924786
1564.0,706.154413631117
1565.0,709.7781829847484
1566.0,704.0566357038778
1567.0,697.2744964657018
1568.0,693.8124032519136
1569.0,691.8739233167897
1570.0,690.1800175986502
1571.0,689.3416985999789
1572.0,690.6256736572868
1573.0,696.4448568158369
1574.0,710.6686421459705
1575.0,741.5572760623062
1576.0,795.7091022106238
1577.0,867.6065140678393
1578.0,948.7066601307814
1579.0,1033.57419610681
1580.0,1117.9897578686098
1581.0,1197.798058174295
1582.0,1269.3385392324362
1583.0,1334.6739479051796
1584.0,1399.46378588877
1585.0,1464.8024005905538
1586.0,1527.9671388828795
1587.0,1590.041301389533
1588.0,1656.3191363606097
1589.0,1730.419971518357
1590.0,1813.3683114438652
1591.0,1905.092075354724
1592.0,2003.9266678545448
1593.0,2106.553844633548
1594.0,2206.4136031415155
1595.0,2297.47627811946
1596.0,2376.3897787806395
1597.0,2440.365511406271
1598.0,2486.962170377057
1599.0,2515.066365649205
1600.0,2529.2069676817982
1601.0,2533.919040645487
1602.0,2524.629691410526
1603.0,2495.1883009878707
1604.0,2451.4049197013337
1605.0,2403.4033444208876
1606.0,2352.9473304032736
1607.0,2297.458894494713
1608.0,2236.8948941776475
1609.0,2172.8525037215486
1610.0,2106.112415413903
1611.0,2036.7357816341662
1612.0,1963.6986917898475
1613.0,1885.1366953979375
1614.0,1803.9581098831413
1615.0,1728.2462917267828
1616.0,1659.4565742624993
1617.0,1589.9158562165035
1618.0,1516.3863279662432
1619.0,1443.5566872536997
1620.0,1375.7051371389668
1621.0,1315.0865933684959
1622.0,1264.1554076894338
1623.0,1226.2600676224972
1624.0,1200.136583071729
1625.0,1172.3628387779715
1626.0,1133.231151403569
1627.0,1089.7976567508051
1628.0,1048.978957363338
1629.0,1006.5359809700747
1630.0,957.8659048701014
1631.0,906.5106002244906
1632.0,856.9115517658872
1633.0,808.2271214542308
1634.0,759.0977867336968
1635.0,713.6593532692101
1636.0,677.9336291420082
1637.0,658.1671844879836
1638.0,659.4869508297228
1639.0,678.4014843546211
1640.0,707.4130586011381
1641.0,736.9682245863669
1642.0,757.566599617315
1643.0,769.4501228961117
1644.0,778.019980564219
1645.0,787.2562235285276
1646.0,799.6940668738428
1647.0,811.0065679887693
1648.0,813.1013096139284
1649.0,807.5813612844147
1650.0,802.6627508219497
1651.0,801.6446566104572
1652.0,804.181424557934
1653.0,814.1289400551339
1654.0,838.1451708186488
1655.0,868.0098243975997
1656.0,882.7710676103403
1657.0,877.1517639490806
1658.0,860.9358579998468
1659.0,837.885403161819
1660.0,805.1577120457175
1661.0,764.8708604927012
1662.0,724.5420166146904
1663.0,683.1153294110508
1664.0,629.8089498156985
1665.0,564.6626120910287
1666.0,500.90231087877413
1667.0,448.5907493738784
1668.0,412.88301165967715
1669.0,395.76522344398927
1670.0,395.5182831850638
1671.0,407.20587117891773
1672.0,422.03317884341874
1673.0,435.9298153753513
1674.0,451.4864969956231
1675.0,471.3713647439465
1676.0,497.6647574304393
1677.0,529.6525940842666
1678.0,562.7304077692573
1679.0,591.2996497543933
1680.0,608.9169281072508
1681.0,615.7890789045492
1682.0,621.5498122316516
1683.0,635.2325915985523
1684.0,663.9089517144834
1685.0,708.9057924122857
1686.0,763.6900036527082
1687.0,822.2011687021
1688.0,879.9296318542438
1689.0,934.849202965769
1690.0,988.1446038520537
1691.0,1039.7506078522497
1692.0,1087.6818987070967
1693.0,1132.1433079789786
1694.0,1176.200587340842
1695.0,1217.1458214887157
1696.0,1244.9743176588245
1697.0,1258.3604814909281
1698.0,1267.0670552301267
1699.0,1275.1089279561431
1700.0,1278.9921866883533
1701.0,1275.6008385392408
1702.0,1262.815878849783
1703.0,1241.1609970817335
1704.0,1213.7872544748216
1705.0,1181.4970694192077
1706.0,1142.6089008670224
1707.0,1095.2301955417688
1708.0,1037.7290373764495
1709.0,975.0618850585054
1710.0,917.6157691743696
1711.0,870.2177884777993
1712.0,832.3551582407697
1713.0,793.7475827734229
1714.0,738.4094638625942
1715.0,669.6410057765813
1716.0,603.2470888647256
1717.0,544.1135548944757
1718.0,490.22875943631345
1719.0,442.0296524459682
1720.0,400.8483062108018
1721.0,362.8344740695622
1722.0,322.5277333700363
1723.0,283.4434091765394
1724.0,252.87265291527328
1725.0,234.73473052741846
1726.0,231.49921986933876
1727.0,245.56947425341434
1728.0,275.7703361009988
1729.0,302.2696737844797
1730.0,306.7612405362413
1731.0,305.3203975171305
1732.0,317.6545829560884
1733.0,339.9555971239766
1734.0,364.2497610051668
1735.0,387.7119396412331
1736.0,408.8653372574612
1737.0,427.0279029896932
1738.0,443.242637031326
1739.0,462.38032097685135
1740.0,487.0358928477131
1741.0,513.7960254200602
1742.0,538.6047784010942
1743.0,557.6175491590828
1744.0,566.859119659901
1745.0,562.2560573929038
1746.0,544.6478267511732
1747.0,521.0746606573244
1748.0,497.9036911461284
1749.0,479.7673664361444
1750.0,460.23526037109224
1751.0,424.32745049229925
1752.0,376.3398803128054
1753.0,334.03087102067417
1754.0,301.59583355877515
1755.0,274.27593019004274
1756.0,244.66875608490432
1757.0,205.4971911939872
1758.0,159.31274947603865
1759.0,112.65418686206414
1760.0,71.09457266157418
1761.0,38.747579858089495
1762.0,14.929867020423755
1763.0,-2.152157616390049
1764.0,-13.74998161643467
1765.0,-22.64654099385986
1766.0,-35.92366568330524
1767.0,-53.34855537081307
1768.0,-58.373229508028615
1769.0,-43.62872638296486
1770.0,-20.20776820782956
1771.0,-0.14600527761439785
1772.0,6.263201289942187
1773.0,6.205712723257219
1774.0,23.4512267344722
1775.0,61.70768532484419
1776.0,108.64427741761797
1777.0,161.3951434958421
1778.0,222.50954046711465
1779.0,288.26314971556985
1780.0,353.1877028003769
1781.0,419.85104198202566
1782.0,492.06304201184406
1783.0,566.1240535177072
1784.0,635.9302563032953
1785.0,694.2655019955146
1786.0,739.3345286056157
1787.0,782.6253032199302
1788.0,832.653481256502
1789.0,889.0662510361266
1790.0,946.1358302584525
1791.0,992.5416085313886
1792.0,1024.8954398398498
1793.0,1047.741320019857
1794.0,1060.025776946241
1795.0,1057.1537068860798
1796.0,1043.3553154870212
1797.0,1025.5200818547878
1798.0,995.4013917776681
1799.0,942.5770337191677
1800.0,874.2206822517545
1801.0,801.8011362122048
1802.0,734.6599145234713
1803.0,677.126110246956
1804.0,623.3526538253037
1805.0,571.6675546779624
1806.0,529.15462066719
1807.0,498.09496388361225
1808.0,474.22008491975157
1809.0,453.0765793875405
1810.0,431.37854222045223
1811.0,416.2855658452273
1812.0,419.0843364592208
1813.0,437.4873664245048
1814.0,463.86014860959773
1815.0,491.7957828193261
1816.0,515.7354240471344
1817.0,531.6391985277816
1818.0,541.2775973717933
1819.0,557.3238469267266
1820.0,587.1214891199297
1821.0,628.776987080837
1822.0,676.7832342830524
1823.0,723.281120210975
1824.0,765.7079341304506
1825.0,804.5979244203528
1826.0,837.1905280474244
1827.0,862.0432320663236
1828.0,890.8190365948462
1829.0,928.5560168664919
1830.0,949.4277212200317
1831.0,938.7359945712847
1832.0,914.289639963437
1833.0,888.3817272171451
1834.0,861.221165005576
1835.0,831.652610088018
1836.0,798.0446480530862
1837.0,758.7670290269135
1838.0,712.4197163061958
1839.0,658.9116903635366
1840.0,598.6462961782648
1841.0,532.1014645768531
1842.0,465.51478382683496
1843.0,417.8850612340088
1844.0,388.6294579784256
1845.0,347.82814875134426
1846.0,296.6192238271653
1847.0,264.6510126249576
1848.0,247.9925041884794
1849.0,226.18375620144806
1850.0,206.4996812834842
1851.0,200.06683748030153
1852.0,193.4424287942749
1853.0,179.62190084944115
1854.0,177.43365818005105
1855.0,193.51612834000179
1856.0,214.02043237449914
1857.0,239.472227351127
1858.0,281.31459971705465
1859.0,327.18258518793914
1860.0,358.1264564527884
1861.0,386.8613789126589
1862.0,426.1267875183851
1863.0,459.76616403246044
1864.0,478.54611755356234
1865.0,493.85770914206665
1866.0,506.49752572067143
1867.0,505.74732091126367
1868.0,501.83782806866174
1869.0,512.1688315302737
1870.0,513.7820428119746
1871.0,483.9714344556582
1872.0,453.49745249895454
1873.0,439.55400443792195
1874.0,411.5511853976645
1875.0,362.8147133800799
1876.0,318.197420235625
1877.0,278.3101840553932
1878.0,229.645687506615
1879.0,180.2387865957278
1880.0,141.23357846865596
1881.0,105.24551104390925
1882.0,66.54035841333051
1883.0,30.184082987530235
1884.0,-2.364098653883153
1885.0,-33.846537708009635
1886.0,-53.485256170183725
1887.0,-48.08331886340771
1888.0,-41.132213792781286
1889.0,-54.541393294759274
1890.0,-65.38698461511004
1891.0,-56.800283808824275
1892.0,-35.85895839612005
1893.0,-7.5986220120551815
1894.0,26.33448109548791
1895.0,59.14897905131497
1896.0,84.03965925031744
1897.0,106.37252741437298
1898.0,133.25139819833433
1899.0,167.95428998831858
1900.0,207.58832753709135
1901.0,242.80635506030808
1902.0,272.8425217907
1903.0,302.576022525283
1904.0,333.3521572015573
1905.0,364.2911958050121
1906.0,391.8544522292744
1907.0,409.6955939641751
1908.0,408.3554847573433
1909.0,387.2323805566343
1910.0,353.0415979184341
1911.0,308.8617388656305
1912.0,257.125131913057
1913.0,204.09318333956094
1914.0,151.84365038752978
1915.0,94.11063745218982
1916.0,38.093122210121116
1917.0,2.452731199463394
1918.0,-12.193840771218099
1919.0,-14.052409504895143
1920.0,-9.469732072651903
1921.0,-0.1595405017607301
1922.0,19.70276657901437
1923.0,49.14132979310047
1924.0,80.17449370872254
1925.0,108.49617912111309
1926.0,133.1922122340049
1927.0,158.7307991780345
1928.0,185.97226082795464
1929.0,207.22934713011193
1930.0,223.92522666660116
1931.0,246.11378271577138
1932.0,278.9123448439002
1933.0,322.1980050373472
1934.0,366.2835971026502
1935.0,406.86667115050807
1936.0,451.39399616744333
1937.0,499.3321196628414
1938.0,542.890375101854
1939.0,575.0541516438394
1940.0,592.4302974643933
1941.0,600.8855498207982
1942.0,605.7976664083486
1943.0,609.5616696784526
1944.0,613.1365464190551
1945.0,615.259886888019
1946.0,607.7270983949461
1947.0,586.3142681929983
1948.0,559.9805087424161
1949.0,536.8763602736486
1950.0,521.2494308265094
1951.0,506.7534938641356
1952.0,485.46161105589215
1953.0,461.5366668650092
1954.0,441.10505871080113
1955.0,429.127080976301
1956.0,428.0739234565791
1957.0,437.8351676650818
1958.0,453.7010749422136
1959.0,469.9503708635005
1960.0,482.0230367876465
1961.0,488.2470194099333
1962.0,490.996858947349
1963.0,502.6482820149992
1964.0,532.5325241280987
1965.0,566.9525069155526
1966.0,596.236796574842
1967.0,622.5107456990654
1968.0,654.1960649085421
1969.0,696.7189257063305
1970.0,729.6360475901679
1971.0,742.626038062445
1972.0,753.4149082335094
1973.0,763.2693360744108
1974.0,760.1028463865194
1975.0,739.7817523538371
1976.0,706.3076305693609
1977.0,674.245729186838
1978.0,642.0315528039416
1979.0,595.7629387772811
1980.0,545.6401325939582
1981.0,505.42087205149477
1982.0,473.41119787931234
1983.0,437.282117807096
1984.0,379.92049475656245
1985.0,313.12479173626804
1986.0,254.41246265518484
1987.0,200.64735658138812
1988.0,148.56966150666932
1989.0,99.5189270543453
1990.0,59.19839800994239
1991.0,30.51452566504574
1992.0,2.618536337840582
1993.0,-20.657867099646964
1994.0,-18.53751028945146
1995.0,-1.4606518179423098
1996.0,9.81628677577956
1997.0,12.494934172511181
1998.0,4.152427828534517
1999.0,-21.342279622568334
2000.0,-70.33969969445347
